"company","email","messageId"
"CodeCraft AI","contact@codecraftai.org","1790844082194130200"
"Crescent Webtech","info@crescentwebtech.com","1790844104284130200"
"Universesoft Solutions","info@universesoft.co.in","1790844104284130201"
"Riyadvi Software Technologies","info@riyadvisoftwaretechnologies.com","1790844104357108000"
"Tekrella IT Solutions","info@tekrella.com","1790844104323119300"
"BA Technology","hello@batechnology.org","1790844106492130200"
"ECSOFT","info@ecsoft.com","1790844106492130201"
"Vitra.ai","contact@vitra.ai","1790844350675130300"
"Cube Computer","hi@cube.com","1790844350644119300"
